Object_ID,Validity_From_s1,Validity_To_s1,State,Object_Type,Mapped_Class,Object_Class,Validity_From_s2,Validity_To_s2
OBJ10000,2026-07-01,2028-12-31,Active,Type_C,Class_3,Class_3,2026-12-12,2027-12-11
OBJ10004,2026-02-27,2027-04-17,Active,Type_C,Class_3,Class_3,2026-12-12,2027-12-11
OBJ10005,2026-01-16,2027-08-11,Active,Type_C,Class_3,Class_3,2026-12-12,2027-12-11
OBJ10007,2026-05-02,2028-03-23,Active,Type_B,Class_2,Class_2,2026-12-12,2027-12-11
OBJ10008,2026-05-29,2027-06-24,Active,Type_B,Class_2,Class_2,2026-12-12,2027-12-11
OBJ10010,2025-04-19,2027-11-22,Active,Type_B,Class_2,Class_2,2026-12-12,2027-12-11
OBJ10012,2026-04-25,2028-10-10,Active,Type_C,Class_3,Class_3,2026-12-12,2027-12-11
OBJ10014,2027-04-23,2030-04-02,Active,Type_C,Class_3,Class_3,2026-12-12,2027-12-11
OBJ10015,2026-08-06,2027-07-02,Active,Type_C,Class_3,Class_3,2026-12-12,2027-12-11
OBJ10016,2027-02-27,2027-10-05,Active,Type_A,Class_1,Class_1,2026-12-12,2027-12-11
OBJ10017,2025-10-02,2027-05-12,Active,Type_A,Class_1,Class_1,2026-12-12,2027-12-11
OBJ10019,2026-03-21,2028-04-23,Active,Type_B,Class_2,Class_2,2026-12-12,2027-12-11
OBJ10020,2025-09-23,2027-04-12,Active,Type_B,Class_2,Class_2,2026-12-12,2027-12-11
OBJ10023,2027-03-27,2030-03-02,Active,Type_A,Class_1,Class_1,2026-12-12,2027-12-11
OBJ10025,2026-07-25,2029-01-12,Active,Type_B,Class_2,Class_2,2026-12-12,2027-12-11
OBJ10026,2026-08-31,2027-08-27,Active,Type_B,Class_2,Class_2,2026-12-12,2027-12-11
OBJ10027,2026-07-04,2029-05-31,Active,Type_B,Class_2,Class_2,2026-12-12,2027-12-11
OBJ10029,2026-01-17,2028-07-29,Active,Type_C,Class_3,Class_3,2026-12-12,2027-12-11
OBJ10031,2025-11-27,2028-07-17,Active,Type_A,Class_1,Class_1,2026-12-12,2027-12-11
OBJ10033,2024-10-06,2027-08-28,Active,Type_A,Class_1,Class_1,2026-12-12,2027-12-11
OBJ10036,2027-07-15,2029-02-25,Active,Type_C,Class_3,Class_3,2026-12-12,2027-12-11
OBJ10037,2026-06-26,2028-01-25,Active,Type_C,Class_3,Class_3,2026-12-12,2027-12-11
OBJ10038,2026-07-09,2027-03-06,Active,Type_A,Class_1,Class_1,2026-12-12,2027-12-11
OBJ10041,2027-03-26,2029-10-08,Active,Type_C,Class_3,Class_3,2026-12-12,2027-12-11
OBJ10042,2026-09-09,2029-08-15,Active,Type_A,Class_1,Class_1,2026-12-12,2027-12-11
OBJ10043,2027-05-06,2030-07-09,Active,Type_B,Class_2,Class_2,2026-12-12,2027-12-11
OBJ10044,2026-02-01,2028-05-23,Active,Type_C,Class_3,Class_3,2026-12-12,2027-12-11
OBJ10045,2025-02-26,2027-01-29,Active,Type_A,Class_1,Class_1,2026-12-12,2027-12-11
OBJ10046,2026-09-17,2027-10-28,Active,Type_C,Class_3,Class_3,2026-12-12,2027-12-11
OBJ10047,2027-01-04,2029-12-30,Active,Type_C,Class_3,Class_3,2026-12-12,2027-12-11
OBJ10048,2026-08-11,2029-07-09,Active,Type_A,Class_1,Class_1,2026-12-12,2027-12-11
OBJ10049,2026-10-01,2027-07-23,Active,Type_C,Class_3,Class_3,2026-12-12,2027-12-11
OBJ10051,2026-12-27,2028-01-01,Active,Type_C,Class_3,Class_3,2026-12-12,2027-12-11
OBJ10052,2026-01-30,2027-01-24,Active,Type_A,Class_1,Class_1,2026-12-12,2027-12-11
OBJ10055,2027-07-10,2030-03-31,Active,Type_B,Class_2,Class_2,2026-12-12,2027-12-11
OBJ10057,2026-09-03,2028-12-20,Active,Type_B,Class_2,Class_2,2026-12-12,2027-12-11
OBJ10058,2026-10-17,2027-12-21,Active,Type_B,Class_2,Class_2,2026-12-12,2027-12-11
OBJ10059,2026-03-20,2027-10-17,Active,Type_B,Class_2,Class_2,2026-12-12,2027-12-11
OBJ10060,2027-07-02,2029-10-06,Active,Type_C,Class_3,Class_3,2026-12-12,2027-12-11
OBJ10061,2025-11-22,2027-06-03,Active,Type_A,Class_1,Class_1,2026-12-12,2027-12-11
OBJ10062,2026-12-02,2029-03-29,Active,Type_B,Class_2,Class_2,2026-12-12,2027-12-11
OBJ10063,2025-08-12,2028-05-26,Active,Type_B,Class_2,Class_2,2026-12-12,2027-12-11
OBJ10064,2026-11-01,2030-01-18,Active,Type_B,Class_2,Class_2,2026-12-12,2027-12-11
OBJ10065,2027-05-30,2029-08-14,Active,Type_C,Class_3,Class_3,2026-12-12,2027-12-11
OBJ10067,2027-02-12,2029-03-16,Active,Type_B,Class_2,Class_2,2026-12-12,2027-12-11
OBJ10069,2026-07-14,2029-09-07,Active,Type_A,Class_1,Class_1,2026-12-12,2027-12-11
OBJ10071,2026-09-12,2029-08-01,Active,Type_B,Class_2,Class_2,2026-12-12,2027-12-11
OBJ10072,2025-10-10,2027-05-17,Active,Type_A,Class_1,Class_1,2026-12-12,2027-12-11
OBJ10077,2026-12-25,2028-01-26,Active,Type_B,Class_2,Class_2,2026-12-12,2027-12-11
OBJ10078,2027-01-10,2029-08-18,Active,Type_B,Class_2,Class_2,2026-12-12,2027-12-11
OBJ10080,2026-09-16,2028-03-17,Active,Type_C,Class_3,Class_3,2026-12-12,2027-12-11
OBJ10081,2026-01-20,2027-07-19,Active,Type_C,Class_3,Class_3,2026-12-12,2027-12-11
OBJ10082,2025-05-09,2028-04-06,Active,Type_C,Class_3,Class_3,2026-12-12,2027-12-11
OBJ10083,2026-09-23,2029-10-25,Active,Type_C,Class_3,Class_3,2026-12-12,2027-12-11
OBJ10086,2026-07-01,2028-09-18,Active,Type_C,Class_3,Class_3,2026-12-12,2027-12-11
OBJ10087,2025-08-18,2027-02-14,Active,Type_C,Class_3,Class_3,2026-12-12,2027-12-11
OBJ10089,2026-06-07,2027-09-03,Active,Type_B,Class_2,Class_2,2026-12-12,2027-12-11
OBJ10094,2027-05-20,2029-07-14,Active,Type_A,Class_1,Class_1,2026-12-12,2027-12-11
OBJ10095,2026-12-11,2028-08-23,Active,Type_A,Class_1,Class_1,2026-12-12,2027-12-11
OBJ10098,2026-07-28,2029-01-18,Active,Type_A,Class_1,Class_1,2026-12-12,2027-12-11
OBJ10099,2026-11-09,2030-02-16,Active,Type_B,Class_2,Class_2,2026-12-12,2027-12-11
OBJ10100,2025-10-27,2027-02-15,Active,Type_A,Class_1,Class_1,2026-12-12,2027-12-11
OBJ10104,2026-11-06,2028-06-02,Active,Type_C,Class_3,Class_3,2026-12-12,2027-12-11
OBJ10105,2027-01-12,2027-09-06,Active,Type_B,Class_2,Class_2,2026-12-12,2027-12-11
OBJ10106,2027-02-01,2028-10-30,Active,Type_B,Class_2,Class_2,2026-12-12,2027-12-11
OBJ10108,2026-12-30,2028-04-26,Active,Type_A,Class_1,Class_1,2026-12-12,2027-12-11
OBJ10109,2027-02-02,2028-11-15,Active,Type_C,Class_3,Class_3,2026-12-12,2027-12-11
OBJ10111,2025-03-16,2027-02-25,Active,Type_C,Class_3,Class_3,2026-12-12,2027-12-11
OBJ10113,2025-09-10,2027-08-28,Active,Type_A,Class_1,Class_1,2026-12-12,2027-12-11
OBJ10114,2025-09-08,2026-12-31,Active,Type_C,Class_3,Class_3,2026-12-12,2027-12-11
OBJ10115,2026-09-25,2027-10-10,Active,Type_A,Class_1,Class_1,2026-12-12,2027-12-11
OBJ10116,2026-09-25,2029-12-30,Active,Type_C,Class_3,Class_3,2026-12-12,2027-12-11
OBJ10119,2024-12-11,2027-08-30,Active,Type_C,Class_3,Class_3,2026-12-12,2027-12-11
OBJ10120,2026-09-15,2028-10-23,Active,Type_B,Class_2,Class_2,2026-12-12,2027-12-11
OBJ10121,2027-05-30,2030-02-14,Active,Type_C,Class_3,Class_3,2026-12-12,2027-12-11
OBJ10122,2027-02-24,2030-04-30,Active,Type_B,Class_2,Class_2,2026-12-12,2027-12-11
OBJ10123,2026-04-24,2027-11-30,Active,Type_C,Class_3,Class_3,2026-12-12,2027-12-11
OBJ10124,2025-07-30,2028-08-31,Active,Type_B,Class_2,Class_2,2026-12-12,2027-12-11
OBJ10125,2026-01-14,2027-01-24,Active,Type_A,Class_1,Class_1,2026-12-12,2027-12-11
OBJ10126,2027-09-20,2030-05-05,Active,Type_C,Class_3,Class_3,2026-12-12,2027-12-11
OBJ10127,2026-08-20,2028-08-13,Active,Type_B,Class_2,Class_2,2026-12-12,2027-12-11
OBJ10130,2027-02-04,2028-01-12,Active,Type_B,Class_2,Class_2,2026-12-12,2027-12-11
OBJ10133,2026-12-19,2028-06-12,Active,Type_B,Class_2,Class_2,2026-12-12,2027-12-11
OBJ10134,2026-11-27,2029-09-29,Active,Type_A,Class_1,Class_1,2026-12-12,2027-12-11
OBJ10135,2025-11-28,2028-02-18,Active,Type_C,Class_3,Class_3,2026-12-12,2027-12-11
OBJ10136,2025-05-31,2027-07-11,Active,Type_A,Class_1,Class_1,2026-12-12,2027-12-11
OBJ10139,2027-03-12,2028-06-22,Active,Type_C,Class_3,Class_3,2026-12-12,2027-12-11
OBJ10140,2025-03-05,2027-07-22,Active,Type_B,Class_2,Class_2,2026-12-12,2027-12-11
OBJ10141,2025-04-09,2028-02-03,Active,Type_C,Class_3,Class_3,2026-12-12,2027-12-11
OBJ10142,2024-12-15,2028-02-08,Active,Type_C,Class_3,Class_3,2026-12-12,2027-12-11
OBJ10143,2026-06-21,2027-05-03,Active,Type_B,Class_2,Class_2,2026-12-12,2027-12-11
OBJ10144,2025-08-28,2027-04-12,Active,Type_B,Class_2,Class_2,2026-12-12,2027-12-11
OBJ10146,2025-06-18,2027-10-03,Active,Type_A,Class_1,Class_1,2026-12-12,2027-12-11
OBJ10147,2026-04-28,2028-03-15,Active,Type_B,Class_2,Class_2,2026-12-12,2027-12-11
OBJ10148,2026-04-24,2027-05-17,Active,Type_A,Class_1,Class_1,2026-12-12,2027-12-11
OBJ10149,2026-04-18,2028-06-06,Active,Type_C,Class_3,Class_3,2026-12-12,2027-12-11
OBJ10150,2026-03-06,2029-05-11,Active,Type_B,Class_2,Class_2,2026-12-12,2027-12-11
OBJ10152,2026-09-09,2028-01-06,Active,Type_A,Class_1,Class_1,2026-12-12,2027-12-11
OBJ10154,2026-01-16,2027-02-23,Active,Type_A,Class_1,Class_1,2026-12-12,2027-12-11
OBJ10156,2026-04-30,2027-08-31,Active,Type_A,Class_1,Class_1,2026-12-12,2027-12-11
OBJ10158,2024-11-05,2027-08-03,Active,Type_B,Class_2,Class_2,2026-12-12,2027-12-11
OBJ10162,2026-05-06,2028-03-10,Active,Type_B,Class_2,Class_2,2026-12-12,2027-12-11
OBJ10165,2026-11-10,2028-07-18,Active,Type_A,Class_1,Class_1,2026-12-12,2027-12-11
OBJ10167,2025-08-31,2027-11-15,Active,Type_A,Class_1,Class_1,2026-12-12,2027-12-11
OBJ10168,2026-04-18,2028-03-16,Active,Type_B,Class_2,Class_2,2026-12-12,2027-12-11
OBJ10169,2024-11-20,2027-07-23,Active,Type_B,Class_2,Class_2,2026-12-12,2027-12-11
OBJ10170,2027-04-26,2029-01-02,Active,Type_A,Class_1,Class_1,2026-12-12,2027-12-11
OBJ10171,2025-05-15,2028-03-05,Active,Type_C,Class_3,Class_3,2026-12-12,2027-12-11
OBJ10172,2026-03-17,2026-12-16,Active,Type_A,Class_1,Class_1,2026-12-12,2027-12-11
OBJ10173,2026-09-22,2029-04-07,Active,Type_A,Class_1,Class_1,2026-12-12,2027-12-11
OBJ10174,2027-01-29,2028-09-13,Active,Type_A,Class_1,Class_1,2026-12-12,2027-12-11
OBJ10175,2026-04-28,2028-11-21,Active,Type_A,Class_1,Class_1,2026-12-12,2027-12-11
OBJ10176,2026-04-26,2029-07-16,Active,Type_A,Class_1,Class_1,2026-12-12,2027-12-11
OBJ10177,2026-02-21,2028-07-03,Active,Type_A,Class_1,Class_1,2026-12-12,2027-12-11
OBJ10178,2025-03-02,2027-11-06,Active,Type_C,Class_3,Class_3,2026-12-12,2027-12-11
OBJ10179,2026-06-26,2027-10-17,Active,Type_A,Class_1,Class_1,2026-12-12,2027-12-11
OBJ10180,2026-04-07,2029-03-22,Active,Type_A,Class_1,Class_1,2026-12-12,2027-12-11
OBJ10181,2025-09-17,2027-05-06,Active,Type_B,Class_2,Class_2,2026-12-12,2027-12-11
OBJ10182,2025-01-30,2027-04-21,Active,Type_C,Class_3,Class_3,2026-12-12,2027-12-11
OBJ10185,2026-03-17,2028-04-18,Active,Type_B,Class_2,Class_2,2026-12-12,2027-12-11
OBJ10186,2025-12-11,2028-11-29,Active,Type_C,Class_3,Class_3,2026-12-12,2027-12-11
OBJ10189,2025-05-09,2027-06-16,Active,Type_A,Class_1,Class_1,2026-12-12,2027-12-11
OBJ10190,2026-09-28,2027-05-27,Active,Type_C,Class_3,Class_3,2026-12-12,2027-12-11
OBJ10191,2026-10-17,2027-12-13,Active,Type_B,Class_2,Class_2,2026-12-12,2027-12-11
OBJ10193,2026-12-28,2029-08-04,Active,Type_A,Class_1,Class_1,2026-12-12,2027-12-11
OBJ10196,2026-10-23,2027-10-25,Active,Type_C,Class_3,Class_3,2026-12-12,2027-12-11
OBJ10197,2027-05-11,2028-06-07,Active,Type_B,Class_2,Class_2,2026-12-12,2027-12-11
OBJ10199,2026-04-11,2027-10-27,Active,Type_C,Class_3,Class_3,2026-12-12,2027-12-11
OBJ10200,2026-11-07,2029-03-12,Active,Type_A,Class_1,Class_1,2026-12-12,2027-12-11
OBJ10201,2026-01-13,2027-05-28,Active,Type_C,Class_3,Class_3,2026-12-12,2027-12-11
OBJ10203,2026-07-08,2029-06-17,Active,Type_C,Class_3,Class_3,2026-12-12,2027-12-11
OBJ10204,2025-04-02,2027-10-02,Active,Type_B,Class_2,Class_2,2026-12-12,2027-12-11
OBJ10206,2026-10-22,2029-06-01,Active,Type_C,Class_3,Class_3,2026-12-12,2027-12-11
OBJ10209,2026-07-23,2027-08-16,Active,Type_A,Class_1,Class_1,2026-12-12,2027-12-11
OBJ10210,2026-06-17,2028-01-06,Active,Type_A,Class_1,Class_1,2026-12-12,2027-12-11
OBJ10212,2026-07-17,2028-12-04,Active,Type_B,Class_2,Class_2,2026-12-12,2027-12-11
OBJ10214,2025-09-07,2028-04-27,Active,Type_B,Class_2,Class_2,2026-12-12,2027-12-11
OBJ10215,2025-08-13,2027-12-19,Active,Type_A,Class_1,Class_1,2026-12-12,2027-12-11
OBJ10217,2026-10-27,2027-10-04,Active,Type_A,Class_1,Class_1,2026-12-12,2027-12-11
OBJ10218,2025-07-27,2027-08-31,Active,Type_C,Class_3,Class_3,2026-12-12,2027-12-11
OBJ10219,2027-01-19,2028-11-19,Active,Type_B,Class_2,Class_2,2026-12-12,2027-12-11
OBJ10220,2025-11-01,2027-04-14,Active,Type_A,Class_1,Class_1,2026-12-12,2027-12-11
OBJ10223,2027-05-08,2028-02-21,Active,Type_B,Class_2,Class_2,2026-12-12,2027-12-11
OBJ10227,2026-05-11,2028-11-27,Active,Type_A,Class_1,Class_1,2026-12-12,2027-12-11
OBJ10229,2027-03-29,2030-03-15,Active,Type_A,Class_1,Class_1,2026-12-12,2027-12-11
OBJ10232,2024-11-19,2027-08-16,Active,Type_A,Class_1,Class_1,2026-12-12,2027-12-11
OBJ10235,2027-05-15,2029-03-05,Active,Type_A,Class_1,Class_1,2026-12-12,2027-12-11
OBJ10237,2026-09-16,2029-07-04,Active,Type_C,Class_3,Class_3,2026-12-12,2027-12-11
OBJ10238,2027-08-13,2030-07-17,Active,Type_B,Class_2,Class_2,2026-12-12,2027-12-11
OBJ10239,2025-10-21,2029-01-29,Active,Type_C,Class_3,Class_3,2026-12-12,2027-12-11
OBJ10240,2026-04-02,2027-01-09,Active,Type_A,Class_1,Class_1,2026-12-12,2027-12-11
OBJ10242,2024-09-08,2027-02-09,Active,Type_B,Class_2,Class_2,2026-12-12,2027-12-11
OBJ10243,2026-06-24,2028-04-02,Active,Type_A,Class_1,Class_1,2026-12-12,2027-12-11
OBJ10244,2025-12-22,2027-06-22,Active,Type_A,Class_1,Class_1,2026-12-12,2027-12-11
OBJ10245,2026-04-02,2027-03-21,Active,Type_C,Class_3,Class_3,2026-12-12,2027-12-11
OBJ10246,2026-03-10,2027-01-21,Active,Type_B,Class_2,Class_2,2026-12-12,2027-12-11
OBJ10247,2026-06-03,2027-09-13,Active,Type_C,Class_3,Class_3,2026-12-12,2027-12-11
OBJ10248,2025-05-04,2026-12-13,Active,Type_A,Class_1,Class_1,2026-12-12,2027-12-11
OBJ10249,2026-04-02,2028-07-03,Active,Type_B,Class_2,Class_2,2026-12-12,2027-12-11
OBJ10250,2025-12-10,2027-02-11,Active,Type_C,Class_3,Class_3,2026-12-12,2027-12-11
OBJ10251,2027-03-21,2027-12-20,Active,Type_A,Class_1,Class_1,2026-12-12,2027-12-11
OBJ10252,2025-12-25,2028-06-15,Active,Type_C,Class_3,Class_3,2026-12-12,2027-12-11
OBJ10254,2026-03-31,2029-02-21,Active,Type_B,Class_2,Class_2,2026-12-12,2027-12-11
OBJ10255,2026-08-12,2027-11-03,Active,Type_C,Class_3,Class_3,2026-12-12,2027-12-11
OBJ10256,2026-10-12,2028-10-22,Active,Type_B,Class_2,Class_2,2026-12-12,2027-12-11
OBJ10257,2026-05-18,2027-02-22,Active,Type_C,Class_3,Class_3,2026-12-12,2027-12-11
OBJ10259,2026-11-03,2029-09-19,Active,Type_A,Class_1,Class_1,2026-12-12,2027-12-11
OBJ10261,2026-05-04,2027-03-25,Active,Type_A,Class_1,Class_1,2026-12-12,2027-12-11
OBJ10262,2024-12-19,2027-08-06,Active,Type_C,Class_3,Class_3,2026-12-12,2027-12-11
OBJ10263,2025-04-22,2028-07-05,Active,Type_C,Class_3,Class_3,2026-12-12,2027-12-11
OBJ10264,2027-01-24,2030-01-27,Active,Type_B,Class_2,Class_2,2026-12-12,2027-12-11
OBJ10266,2026-01-16,2028-05-31,Active,Type_C,Class_3,Class_3,2026-12-12,2027-12-11
OBJ10267,2025-02-24,2027-06-07,Active,Type_A,Class_1,Class_1,2026-12-12,2027-12-11
OBJ10268,2025-08-30,2027-06-26,Active,Type_C,Class_3,Class_3,2026-12-12,2027-12-11
OBJ10270,2026-04-25,2027-07-01,Active,Type_B,Class_2,Class_2,2026-12-12,2027-12-11
OBJ10272,2024-12-16,2027-09-05,Active,Type_A,Class_1,Class_1,2026-12-12,2027-12-11
OBJ10275,2026-03-31,2027-09-18,Active,Type_C,Class_3,Class_3,2026-12-12,2027-12-11
OBJ10277,2026-03-18,2028-08-25,Active,Type_A,Class_1,Class_1,2026-12-12,2027-12-11
OBJ10278,2027-02-15,2027-10-28,Active,Type_C,Class_3,Class_3,2026-12-12,2027-12-11
OBJ10280,2025-05-08,2026-12-14,Active,Type_C,Class_3,Class_3,2026-12-12,2027-12-11
OBJ10281,2026-05-29,2028-11-12,Active,Type_A,Class_1,Class_1,2026-12-12,2027-12-11
OBJ10283,2026-08-27,2029-04-03,Active,Type_C,Class_3,Class_3,2026-12-12,2027-12-11
OBJ10288,2026-03-10,2028-12-15,Active,Type_B,Class_2,Class_2,2026-12-12,2027-12-11
OBJ10289,2026-05-19,2027-07-04,Active,Type_A,Class_1,Class_1,2026-12-12,2027-12-11
OBJ10293,2026-04-12,2028-11-14,Active,Type_C,Class_3,Class_3,2026-12-12,2027-12-11
OBJ10294,2025-10-28,2028-01-18,Active,Type_C,Class_3,Class_3,2026-12-12,2027-12-11
OBJ10295,2025-10-23,2027-03-26,Active,Type_B,Class_2,Class_2,2026-12-12,2027-12-11
OBJ10296,2026-08-15,2029-07-26,Active,Type_B,Class_2,Class_2,2026-12-12,2027-12-11
OBJ10297,2026-03-16,2027-07-17,Active,Type_B,Class_2,Class_2,2026-12-12,2027-12-11
OBJ10298,2025-09-18,2028-03-15,Active,Type_A,Class_1,Class_1,2026-12-12,2027-12-11
OBJ10299,2026-04-07,2027-10-08,Active,Type_B,Class_2,Class_2,2026-12-12,2027-12-11
OBJ10300,2026-09-22,2028-12-06,Active,Type_C,Class_3,Class_3,2026-12-12,2027-12-11
OBJ10302,2026-09-12,2027-05-09,Active,Type_C,Class_3,Class_3,2026-12-12,2027-12-11
OBJ10305,2025-03-27,2028-03-11,Active,Type_C,Class_3,Class_3,2026-12-12,2027-12-11
OBJ10306,2027-06-13,2029-03-14,Active,Type_B,Class_2,Class_2,2026-12-12,2027-12-11
OBJ10307,2026-07-15,2027-02-25,Active,Type_B,Class_2,Class_2,2026-12-12,2027-12-11
OBJ10308,2025-11-03,2028-02-25,Active,Type_C,Class_3,Class_3,2026-12-12,2027-12-11
OBJ10309,2025-12-28,2028-10-28,Active,Type_B,Class_2,Class_2,2026-12-12,2027-12-11
OBJ10310,2025-09-28,2027-09-29,Active,Type_C,Class_3,Class_3,2026-12-12,2027-12-11
OBJ10311,2026-06-17,2027-01-03,Active,Type_A,Class_1,Class_1,2026-12-12,2027-12-11
OBJ10312,2025-10-23,2027-11-11,Active,Type_B,Class_2,Class_2,2026-12-12,2027-12-11
OBJ10313,2025-12-21,2027-12-01,Active,Type_A,Class_1,Class_1,2026-12-12,2027-12-11
OBJ10316,2025-05-24,2028-05-25,Active,Type_C,Class_3,Class_3,2026-12-12,2027-12-11
OBJ10317,2026-10-06,2028-12-09,Active,Type_A,Class_1,Class_1,2026-12-12,2027-12-11
OBJ10318,2027-02-05,2028-07-17,Active,Type_A,Class_1,Class_1,2026-12-12,2027-12-11
OBJ10319,2026-10-11,2028-06-20,Active,Type_A,Class_1,Class_1,2026-12-12,2027-12-11
OBJ10320,2026-05-25,2027-10-24,Active,Type_B,Class_2,Class_2,2026-12-12,2027-12-11
OBJ10325,2026-01-26,2027-05-10,Active,Type_A,Class_1,Class_1,2026-12-12,2027-12-11
OBJ10328,2025-01-28,2027-04-08,Active,Type_B,Class_2,Class_2,2026-12-12,2027-12-11
OBJ10331,2027-03-24,2029-07-07,Active,Type_B,Class_2,Class_2,2026-12-12,2027-12-11
OBJ10332,2025-07-29,2027-09-11,Active,Type_B,Class_2,Class_2,2026-12-12,2027-12-11
OBJ10333,2027-09-07,2028-08-16,Active,Type_C,Class_3,Class_3,2026-12-12,2027-12-11
OBJ10334,2027-04-12,2030-06-16,Active,Type_A,Class_1,Class_1,2026-12-12,2027-12-11
OBJ10335,2027-01-29,2027-11-28,Active,Type_B,Class_2,Class_2,2026-12-12,2027-12-11
OBJ10336,2025-03-12,2027-07-05,Active,Type_C,Class_3,Class_3,2026-12-12,2027-12-11
OBJ10337,2026-02-08,2029-04-20,Active,Type_C,Class_3,Class_3,2026-12-12,2027-12-11
OBJ10338,2027-02-21,2027-09-23,Active,Type_B,Class_2,Class_2,2026-12-12,2027-12-11
OBJ10339,2025-10-07,2027-08-15,Active,Type_C,Class_3,Class_3,2026-12-12,2027-12-11
OBJ10340,2026-10-27,2027-10-18,Active,Type_C,Class_3,Class_3,2026-12-12,2027-12-11
OBJ10341,2026-01-07,2029-04-17,Active,Type_B,Class_2,Class_2,2026-12-12,2027-12-11
OBJ10342,2026-07-16,2027-10-12,Active,Type_C,Class_3,Class_3,2026-12-12,2027-12-11
OBJ10344,2025-10-09,2028-07-10,Active,Type_C,Class_3,Class_3,2026-12-12,2027-12-11
OBJ10345,2025-08-09,2028-07-20,Active,Type_A,Class_1,Class_1,2026-12-12,2027-12-11
OBJ10348,2027-04-23,2028-03-17,Active,Type_C,Class_3,Class_3,2026-12-12,2027-12-11
OBJ10349,2026-07-10,2029-02-18,Active,Type_C,Class_3,Class_3,2026-12-12,2027-12-11
OBJ10353,2026-04-28,2027-09-11,Active,Type_C,Class_3,Class_3,2026-12-12,2027-12-11
OBJ10354,2026-03-24,2027-02-27,Active,Type_C,Class_3,Class_3,2026-12-12,2027-12-11
OBJ10356,2026-07-15,2029-05-07,Active,Type_A,Class_1,Class_1,2026-12-12,2027-12-11
OBJ10357,2026-10-12,2028-03-18,Active,Type_C,Class_3,Class_3,2026-12-12,2027-12-11
OBJ10359,2025-10-31,2028-11-08,Active,Type_A,Class_1,Class_1,2026-12-12,2027-12-11
OBJ10362,2025-12-06,2027-06-04,Active,Type_B,Class_2,Class_2,2026-12-12,2027-12-11
OBJ10363,2026-03-12,2029-06-06,Active,Type_B,Class_2,Class_2,2026-12-12,2027-12-11
OBJ10364,2026-02-06,2027-08-30,Active,Type_A,Class_1,Class_1,2026-12-12,2027-12-11
OBJ10368,2026-12-01,2028-02-17,Active,Type_A,Class_1,Class_1,2026-12-12,2027-12-11
OBJ10369,2024-12-30,2027-10-01,Active,Type_A,Class_1,Class_1,2026-12-12,2027-12-11
OBJ10370,2026-03-11,2028-01-14,Active,Type_B,Class_2,Class_2,2026-12-12,2027-12-11
OBJ10371,2026-12-11,2029-03-29,Active,Type_B,Class_2,Class_2,2026-12-12,2027-12-11
OBJ10372,2026-04-01,2027-04-17,Active,Type_C,Class_3,Class_3,2026-12-12,2027-12-11
OBJ10374,2025-12-05,2026-12-16,Active,Type_A,Class_1,Class_1,2026-12-12,2027-12-11
OBJ10375,2026-07-13,2028-11-24,Active,Type_A,Class_1,Class_1,2026-12-12,2027-12-11
OBJ10377,2025-09-12,2027-03-26,Active,Type_C,Class_3,Class_3,2026-12-12,2027-12-11
OBJ10378,2026-09-04,2028-02-27,Active,Type_A,Class_1,Class_1,2026-12-12,2027-12-11
OBJ10380,2025-08-20,2028-11-21,Active,Type_C,Class_3,Class_3,2026-12-12,2027-12-11
OBJ10381,2026-08-10,2027-03-29,Active,Type_C,Class_3,Class_3,2026-12-12,2027-12-11
OBJ10382,2026-02-28,2027-11-18,Active,Type_B,Class_2,Class_2,2026-12-12,2027-12-11
OBJ10383,2025-09-21,2027-06-06,Active,Type_A,Class_1,Class_1,2026-12-12,2027-12-11
OBJ10384,2026-03-18,2027-10-09,Active,Type_C,Class_3,Class_3,2026-12-12,2027-12-11
OBJ10385,2026-06-10,2028-05-11,Active,Type_C,Class_3,Class_3,2026-12-12,2027-12-11
OBJ10387,2027-07-02,2030-07-02,Active,Type_B,Class_2,Class_2,2026-12-12,2027-12-11
OBJ10389,2026-08-03,2029-10-24,Active,Type_C,Class_3,Class_3,2026-12-12,2027-12-11
OBJ10390,2026-01-11,2029-04-17,Active,Type_B,Class_2,Class_2,2026-12-12,2027-12-11
OBJ10391,2025-12-31,2028-09-25,Active,Type_C,Class_3,Class_3,2026-12-12,2027-12-11
OBJ10392,2026-07-28,2027-02-20,Active,Type_B,Class_2,Class_2,2026-12-12,2027-12-11
OBJ10393,2026-08-13,2029-04-05,Active,Type_A,Class_1,Class_1,2026-12-12,2027-12-11
OBJ10394,2025-08-04,2028-03-21,Active,Type_A,Class_1,Class_1,2026-12-12,2027-12-11
OBJ10395,2026-10-04,2027-06-11,Active,Type_C,Class_3,Class_3,2026-12-12,2027-12-11
OBJ10396,2025-07-09,2027-03-18,Active,Type_A,Class_1,Class_1,2026-12-12,2027-12-11
OBJ10400,2025-08-27,2027-02-07,Active,Type_A,Class_1,Class_1,2026-12-12,2027-12-11
OBJ10402,2025-11-23,2028-12-11,Active,Type_C,Class_3,Class_3,2026-12-12,2027-12-11
OBJ10404,2027-01-12,2029-08-14,Active,Type_B,Class_2,Class_2,2026-12-12,2027-12-11
OBJ10405,2026-11-22,2027-10-06,Active,Type_C,Class_3,Class_3,2026-12-12,2027-12-11
OBJ10409,2026-04-23,2028-06-23,Active,Type_B,Class_2,Class_2,2026-12-12,2027-12-11
OBJ10410,2026-09-16,2027-06-01,Active,Type_B,Class_2,Class_2,2026-12-12,2027-12-11
OBJ10411,2025-06-26,2028-01-17,Active,Type_B,Class_2,Class_2,2026-12-12,2027-12-11
OBJ10412,2025-11-15,2026-12-28,Active,Type_A,Class_1,Class_1,2026-12-12,2027-12-11
OBJ10413,2026-01-30,2029-04-05,Active,Type_B,Class_2,Class_2,2026-12-12,2027-12-11
OBJ10414,2026-04-19,2027-05-24,Active,Type_A,Class_1,Class_1,2026-12-12,2027-12-11
OBJ10415,2025-12-13,2027-11-06,Active,Type_B,Class_2,Class_2,2026-12-12,2027-12-11
OBJ10417,2025-01-07,2027-11-10,Active,Type_A,Class_1,Class_1,2026-12-12,2027-12-11
OBJ10420,2025-12-31,2028-02-26,Active,Type_A,Class_1,Class_1,2026-12-12,2027-12-11
OBJ10421,2025-10-20,2029-01-12,Active,Type_C,Class_3,Class_3,2026-12-12,2027-12-11
OBJ10422,2026-03-10,2028-07-02,Active,Type_C,Class_3,Class_3,2026-12-12,2027-12-11
OBJ10423,2026-09-04,2027-12-15,Active,Type_C,Class_3,Class_3,2026-12-12,2027-12-11
OBJ10424,2026-08-21,2029-08-30,Active,Type_A,Class_1,Class_1,2026-12-12,2027-12-11
OBJ10425,2026-12-12,2029-05-31,Active,Type_A,Class_1,Class_1,2026-12-12,2027-12-11
OBJ10426,2026-04-01,2027-02-24,Active,Type_B,Class_2,Class_2,2026-12-12,2027-12-11
OBJ10428,2025-11-03,2027-05-27,Active,Type_C,Class_3,Class_3,2026-12-12,2027-12-11
OBJ10429,2025-01-12,2027-09-17,Active,Type_B,Class_2,Class_2,2026-12-12,2027-12-11
OBJ10431,2025-09-05,2027-01-27,Active,Type_A,Class_1,Class_1,2026-12-12,2027-12-11
OBJ10432,2026-05-27,2028-10-06,Active,Type_B,Class_2,Class_2,2026-12-12,2027-12-11
OBJ10433,2025-11-05,2027-03-31,Active,Type_B,Class_2,Class_2,2026-12-12,2027-12-11
OBJ10434,2026-09-24,2029-05-01,Active,Type_A,Class_1,Class_1,2026-12-12,2027-12-11
OBJ10436,2027-02-26,2028-09-12,Active,Type_A,Class_1,Class_1,2026-12-12,2027-12-11
OBJ10437,2026-06-01,2027-05-20,Active,Type_C,Class_3,Class_3,2026-12-12,2027-12-11
OBJ10439,2025-04-22,2028-06-03,Active,Type_A,Class_1,Class_1,2026-12-12,2027-12-11
OBJ10441,2026-04-08,2027-06-10,Active,Type_C,Class_3,Class_3,2026-12-12,2027-12-11
OBJ10443,2026-12-13,2028-03-31,Active,Type_B,Class_2,Class_2,2026-12-12,2027-12-11
OBJ10445,2026-10-04,2029-07-14,Active,Type_A,Class_1,Class_1,2026-12-12,2027-12-11
OBJ10447,2027-01-29,2027-11-05,Active,Type_C,Class_3,Class_3,2026-12-12,2027-12-11
OBJ10448,2026-11-24,2030-02-11,Active,Type_C,Class_3,Class_3,2026-12-12,2027-12-11
OBJ10449,2026-07-25,2028-05-20,Active,Type_B,Class_2,Class_2,2026-12-12,2027-12-11
OBJ10450,2027-01-27,2029-03-07,Active,Type_A,Class_1,Class_1,2026-12-12,2027-12-11
OBJ10451,2027-05-11,2028-01-12,Active,Type_B,Class_2,Class_2,2026-12-12,2027-12-11
OBJ10453,2025-11-23,2027-02-15,Active,Type_A,Class_1,Class_1,2026-12-12,2027-12-11
OBJ10454,2026-03-15,2028-06-20,Active,Type_C,Class_3,Class_3,2026-12-12,2027-12-11
OBJ10455,2026-10-21,2029-08-25,Active,Type_C,Class_3,Class_3,2026-12-12,2027-12-11
OBJ10456,2026-09-18,2028-11-19,Active,Type_B,Class_2,Class_2,2026-12-12,2027-12-11
OBJ10457,2026-11-15,2029-12-23,Active,Type_C,Class_3,Class_3,2026-12-12,2027-12-11
OBJ10458,2026-11-10,2028-09-29,Active,Type_C,Class_3,Class_3,2026-12-12,2027-12-11
OBJ10459,2026-09-25,2027-09-18,Active,Type_C,Class_3,Class_3,2026-12-12,2027-12-11
OBJ10461,2025-03-04,2027-12-03,Active,Type_A,Class_1,Class_1,2026-12-12,2027-12-11
OBJ10462,2026-03-17,2029-06-11,Active,Type_C,Class_3,Class_3,2026-12-12,2027-12-11
OBJ10464,2025-07-06,2028-09-29,Active,Type_A,Class_1,Class_1,2026-12-12,2027-12-11
OBJ10466,2026-01-03,2028-12-31,Active,Type_A,Class_1,Class_1,2026-12-12,2027-12-11
OBJ10467,2025-11-11,2027-11-26,Active,Type_B,Class_2,Class_2,2026-12-12,2027-12-11
OBJ10471,2027-02-06,2028-05-22,Active,Type_A,Class_1,Class_1,2026-12-12,2027-12-11
OBJ10473,2026-08-30,2028-02-20,Active,Type_B,Class_2,Class_2,2026-12-12,2027-12-11
OBJ10474,2026-08-11,2027-03-01,Active,Type_A,Class_1,Class_1,2026-12-12,2027-12-11
OBJ10475,2025-12-18,2028-05-05,Active,Type_A,Class_1,Class_1,2026-12-12,2027-12-11
OBJ10476,2025-10-31,2028-12-31,Active,Type_B,Class_2,Class_2,2026-12-12,2027-12-11
OBJ10477,2026-02-23,2028-08-15,Active,Type_A,Class_1,Class_1,2026-12-12,2027-12-11
OBJ10478,2027-07-02,2029-02-19,Active,Type_A,Class_1,Class_1,2026-12-12,2027-12-11
OBJ10479,2026-07-09,2029-09-14,Active,Type_A,Class_1,Class_1,2026-12-12,2027-12-11
OBJ10481,2026-10-16,2028-03-17,Active,Type_C,Class_3,Class_3,2026-12-12,2027-12-11
OBJ10483,2025-08-01,2028-01-28,Active,Type_A,Class_1,Class_1,2026-12-12,2027-12-11
OBJ10486,2026-07-24,2028-02-09,Active,Type_A,Class_1,Class_1,2026-12-12,2027-12-11
OBJ10487,2025-06-16,2028-04-05,Active,Type_B,Class_2,Class_2,2026-12-12,2027-12-11
OBJ10488,2027-02-04,2028-05-07,Active,Type_B,Class_2,Class_2,2026-12-12,2027-12-11
OBJ10490,2026-07-24,2028-07-13,Active,Type_B,Class_2,Class_2,2026-12-12,2027-12-11
OBJ10491,2026-03-03,2029-02-25,Active,Type_C,Class_3,Class_3,2026-12-12,2027-12-11
OBJ10492,2027-08-01,2030-06-15,Active,Type_B,Class_2,Class_2,2026-12-12,2027-12-11
OBJ10495,2025-09-09,2027-10-28,Active,Type_C,Class_3,Class_3,2026-12-12,2027-12-11
OBJ10496,2027-03-12,2028-06-20,Active,Type_B,Class_2,Class_2,2026-12-12,2027-12-11
OBJ10497,2026-08-20,2028-12-01,Active,Type_A,Class_1,Class_1,2026-12-12,2027-12-11
OBJ10499,2026-01-27,2027-01-31,Active,Type_A,Class_1,Class_1,2026-12-12,2027-12-11
OBJ10500,2025-12-03,2027-12-09,Active,Type_A,Class_1,Class_1,2026-12-12,2027-12-11
OBJ10501,2026-03-31,2029-06-26,Active,Type_A,Class_1,Class_1,2026-12-12,2027-12-11
OBJ10503,2026-02-03,2028-04-14,Active,Type_C,Class_3,Class_3,2026-12-12,2027-12-11
OBJ10504,2025-11-21,2027-04-20,Active,Type_B,Class_2,Class_2,2026-12-12,2027-12-11
OBJ10507,2026-10-09,2028-03-14,Active,Type_A,Class_1,Class_1,2026-12-12,2027-12-11
OBJ10509,2025-12-26,2027-04-01,Active,Type_A,Class_1,Class_1,2026-12-12,2027-12-11
OBJ10513,2025-07-04,2027-01-10,Active,Type_A,Class_1,Class_1,2026-12-12,2027-12-11
OBJ10514,2026-02-15,2028-08-02,Active,Type_C,Class_3,Class_3,2026-12-12,2027-12-11
OBJ10515,2026-06-08,2029-03-29,Active,Type_C,Class_3,Class_3,2026-12-12,2027-12-11
OBJ10516,2025-12-30,2028-01-03,Active,Type_A,Class_1,Class_1,2026-12-12,2027-12-11
OBJ10517,2027-06-19,2029-01-01,Active,Type_B,Class_2,Class_2,2026-12-12,2027-12-11
OBJ10518,2026-06-27,2029-07-27,Active,Type_A,Class_1,Class_1,2026-12-12,2027-12-11
OBJ10519,2026-03-24,2028-09-26,Active,Type_B,Class_2,Class_2,2026-12-12,2027-12-11
OBJ10520,2027-04-15,2028-08-21,Active,Type_A,Class_1,Class_1,2026-12-12,2027-12-11
OBJ10521,2026-08-06,2027-04-08,Active,Type_B,Class_2,Class_2,2026-12-12,2027-12-11
OBJ10525,2026-12-04,2029-01-27,Active,Type_C,Class_3,Class_3,2026-12-12,2027-12-11
OBJ10526,2026-04-15,2028-05-25,Active,Type_A,Class_1,Class_1,2026-12-12,2027-12-11
OBJ10527,2025-04-03,2028-07-04,Active,Type_C,Class_3,Class_3,2026-12-12,2027-12-11
OBJ10528,2026-05-29,2027-08-13,Active,Type_B,Class_2,Class_2,2026-12-12,2027-12-11
OBJ10531,2025-02-18,2026-12-23,Active,Type_B,Class_2,Class_2,2026-12-12,2027-12-11
OBJ10536,2026-05-28,2029-05-10,Active,Type_C,Class_3,Class_3,2026-12-12,2027-12-11
OBJ10537,2026-12-10,2029-01-17,Active,Type_C,Class_3,Class_3,2026-12-12,2027-12-11
OBJ10538,2025-12-08,2027-08-29,Active,Type_C,Class_3,Class_3,2026-12-12,2027-12-11
OBJ10539,2026-09-27,2029-12-16,Active,Type_B,Class_2,Class_2,2026-12-12,2027-12-11
OBJ10540,2026-12-21,2027-08-16,Active,Type_C,Class_3,Class_3,2026-12-12,2027-12-11
OBJ10544,2026-02-15,2028-09-19,Active,Type_C,Class_3,Class_3,2026-12-12,2027-12-11
OBJ10547,2026-12-29,2028-08-06,Active,Type_C,Class_3,Class_3,2026-12-12,2027-12-11
OBJ10548,2026-10-23,2029-10-18,Active,Type_C,Class_3,Class_3,2026-12-12,2027-12-11
OBJ10549,2025-01-11,2028-03-12,Active,Type_B,Class_2,Class_2,2026-12-12,2027-12-11
OBJ10550,2026-11-09,2029-07-21,Active,Type_C,Class_3,Class_3,2026-12-12,2027-12-11
OBJ10551,2026-06-18,2028-06-25,Active,Type_C,Class_3,Class_3,2026-12-12,2027-12-11
OBJ10553,2025-08-24,2027-08-13,Active,Type_A,Class_1,Class_1,2026-12-12,2027-12-11
OBJ10554,2026-07-01,2028-07-31,Active,Type_C,Class_3,Class_3,2026-12-12,2027-12-11
OBJ10558,2025-09-19,2027-07-05,Active,Type_A,Class_1,Class_1,2026-12-12,2027-12-11
OBJ10559,2026-03-28,2029-02-11,Active,Type_A,Class_1,Class_1,2026-12-12,2027-12-11
OBJ10561,2027-02-18,2027-12-31,Active,Type_A,Class_1,Class_1,2026-12-12,2027-12-11
OBJ10562,2027-02-01,2028-09-17,Active,Type_B,Class_2,Class_2,2026-12-12,2027-12-11
OBJ10564,2026-09-24,2028-03-14,Active,Type_B,Class_2,Class_2,2026-12-12,2027-12-11
OBJ10565,2027-07-25,2028-07-24,Active,Type_B,Class_2,Class_2,2026-12-12,2027-12-11
OBJ10567,2025-12-27,2027-08-10,Active,Type_A,Class_1,Class_1,2026-12-12,2027-12-11
OBJ10568,2027-01-09,2027-10-23,Active,Type_C,Class_3,Class_3,2026-12-12,2027-12-11
OBJ10569,2027-04-03,2030-03-26,Active,Type_A,Class_1,Class_1,2026-12-12,2027-12-11
OBJ10570,2026-04-02,2028-06-01,Active,Type_B,Class_2,Class_2,2026-12-12,2027-12-11
OBJ10571,2025-01-12,2027-05-21,Active,Type_B,Class_2,Class_2,2026-12-12,2027-12-11
OBJ10572,2025-10-05,2028-09-03,Active,Type_A,Class_1,Class_1,2026-12-12,2027-12-11
OBJ10573,2026-10-10,2027-08-21,Active,Type_B,Class_2,Class_2,2026-12-12,2027-12-11
OBJ10574,2025-12-09,2027-01-06,Active,Type_B,Class_2,Class_2,2026-12-12,2027-12-11
OBJ10575,2025-10-10,2028-03-13,Active,Type_B,Class_2,Class_2,2026-12-12,2027-12-11
OBJ10576,2026-04-20,2029-07-26,Active,Type_B,Class_2,Class_2,2026-12-12,2027-12-11
OBJ10577,2026-09-29,2028-02-15,Active,Type_B,Class_2,Class_2,2026-12-12,2027-12-11
OBJ10579,2025-08-21,2028-04-20,Active,Type_C,Class_3,Class_3,2026-12-12,2027-12-11
OBJ10580,2026-02-20,2027-10-28,Active,Type_A,Class_1,Class_1,2026-12-12,2027-12-11
OBJ10581,2026-04-13,2029-02-15,Active,Type_A,Class_1,Class_1,2026-12-12,2027-12-11
OBJ10582,2026-05-15,2027-02-22,Active,Type_B,Class_2,Class_2,2026-12-12,2027-12-11
OBJ10583,2025-07-15,2027-02-17,Active,Type_B,Class_2,Class_2,2026-12-12,2027-12-11
OBJ10584,2026-01-12,2027-02-23,Active,Type_C,Class_3,Class_3,2026-12-12,2027-12-11
OBJ10586,2027-01-02,2027-11-24,Active,Type_B,Class_2,Class_2,2026-12-12,2027-12-11
OBJ10587,2025-02-05,2028-04-20,Active,Type_A,Class_1,Class_1,2026-12-12,2027-12-11
OBJ10590,2026-07-02,2029-02-05,Active,Type_B,Class_2,Class_2,2026-12-12,2027-12-11
OBJ10592,2026-03-05,2028-12-10,Active,Type_C,Class_3,Class_3,2026-12-12,2027-12-11
OBJ10593,2027-08-08,2029-08-25,Active,Type_B,Class_2,Class_2,2026-12-12,2027-12-11
OBJ10596,2026-04-24,2027-10-28,Active,Type_A,Class_1,Class_1,2026-12-12,2027-12-11
OBJ10597,2025-11-21,2029-01-17,Active,Type_C,Class_3,Class_3,2026-12-12,2027-12-11
OBJ10598,2025-09-19,2028-06-19,Active,Type_A,Class_1,Class_1,2026-12-12,2027-12-11
OBJ10601,2027-05-27,2029-08-20,Active,Type_A,Class_1,Class_1,2026-12-12,2027-12-11
OBJ10604,2026-07-03,2029-08-13,Active,Type_B,Class_2,Class_2,2026-12-12,2027-12-11
OBJ10605,2026-01-26,2027-04-16,Active,Type_C,Class_3,Class_3,2026-12-12,2027-12-11
OBJ10606,2027-01-15,2028-03-26,Active,Type_A,Class_1,Class_1,2026-12-12,2027-12-11
OBJ10607,2024-09-17,2027-10-02,Active,Type_B,Class_2,Class_2,2026-12-12,2027-12-11
OBJ10608,2026-12-10,2027-10-05,Active,Type_A,Class_1,Class_1,2026-12-12,2027-12-11
OBJ10611,2026-11-11,2028-04-11,Active,Type_C,Class_3,Class_3,2026-12-12,2027-12-11
OBJ10612,2026-06-15,2028-09-14,Active,Type_B,Class_2,Class_2,2026-12-12,2027-12-11
OBJ10614,2025-11-01,2028-10-26,Active,Type_C,Class_3,Class_3,2026-12-12,2027-12-11
OBJ10616,2026-06-28,2028-03-12,Active,Type_A,Class_1,Class_1,2026-12-12,2027-12-11
OBJ10618,2026-02-28,2027-10-15,Active,Type_C,Class_3,Class_3,2026-12-12,2027-12-11
OBJ10619,2026-10-21,2028-02-02,Active,Type_B,Class_2,Class_2,2026-12-12,2027-12-11
OBJ10622,2027-03-04,2030-05-18,Active,Type_A,Class_1,Class_1,2026-12-12,2027-12-11
OBJ10623,2026-12-24,2029-12-13,Active,Type_A,Class_1,Class_1,2026-12-12,2027-12-11
OBJ10626,2027-08-21,2029-09-14,Active,Type_A,Class_1,Class_1,2026-12-12,2027-12-11
OBJ10628,2025-07-12,2028-09-10,Active,Type_B,Class_2,Class_2,2026-12-12,2027-12-11
OBJ10632,2026-01-13,2028-11-14,Active,Type_B,Class_2,Class_2,2026-12-12,2027-12-11
OBJ10633,2027-10-19,2028-11-27,Active,Type_A,Class_1,Class_1,2026-12-12,2027-12-11
OBJ10635,2025-10-28,2028-08-03,Active,Type_B,Class_2,Class_2,2026-12-12,2027-12-11
OBJ10636,2026-06-17,2027-11-04,Active,Type_B,Class_2,Class_2,2026-12-12,2027-12-11
OBJ10639,2026-07-10,2029-05-26,Active,Type_C,Class_3,Class_3,2026-12-12,2027-12-11
OBJ10640,2027-05-06,2030-02-11,Active,Type_C,Class_3,Class_3,2026-12-12,2027-12-11
OBJ10642,2025-10-31,2028-07-02,Active,Type_B,Class_2,Class_2,2026-12-12,2027-12-11
OBJ10643,2026-06-28,2028-06-13,Active,Type_A,Class_1,Class_1,2026-12-12,2027-12-11
OBJ10644,2025-04-05,2028-01-01,Active,Type_C,Class_3,Class_3,2026-12-12,2027-12-11
OBJ10646,2026-12-07,2027-10-16,Active,Type_C,Class_3,Class_3,2026-12-12,2027-12-11
OBJ10647,2026-06-01,2028-09-25,Active,Type_B,Class_2,Class_2,2026-12-12,2027-12-11
OBJ10648,2026-10-16,2030-01-14,Active,Type_C,Class_3,Class_3,2026-12-12,2027-12-11
OBJ10650,2027-08-10,2028-04-18,Active,Type_C,Class_3,Class_3,2026-12-12,2027-12-11
OBJ10652,2026-09-21,2028-11-13,Active,Type_B,Class_2,Class_2,2026-12-12,2027-12-11
OBJ10653,2025-04-02,2027-09-06,Active,Type_A,Class_1,Class_1,2026-12-12,2027-12-11
OBJ10654,2026-05-11,2027-05-04,Active,Type_A,Class_1,Class_1,2026-12-12,2027-12-11
OBJ10655,2026-09-09,2028-11-26,Active,Type_A,Class_1,Class_1,2026-12-12,2027-12-11
OBJ10656,2026-03-06,2028-06-26,Active,Type_A,Class_1,Class_1,2026-12-12,2027-12-11
OBJ10657,2025-11-03,2027-09-15,Active,Type_B,Class_2,Class_2,2026-12-12,2027-12-11
OBJ10658,2026-05-25,2029-04-09,Active,Type_B,Class_2,Class_2,2026-12-12,2027-12-11
OBJ10659,2027-03-17,2028-09-10,Active,Type_A,Class_1,Class_1,2026-12-12,2027-12-11
OBJ10660,2026-08-22,2028-10-30,Active,Type_B,Class_2,Class_2,2026-12-12,2027-12-11
OBJ10662,2025-06-25,2028-07-15,Active,Type_B,Class_2,Class_2,2026-12-12,2027-12-11
OBJ10663,2027-01-25,2028-11-27,Active,Type_C,Class_3,Class_3,2026-12-12,2027-12-11
OBJ10664,2026-09-28,2028-01-31,Active,Type_A,Class_1,Class_1,2026-12-12,2027-12-11
OBJ10667,2026-09-04,2028-06-18,Active,Type_B,Class_2,Class_2,2026-12-12,2027-12-11
OBJ10669,2024-12-10,2028-03-17,Active,Type_A,Class_1,Class_1,2026-12-12,2027-12-11
OBJ10671,2025-08-08,2027-01-15,Active,Type_C,Class_3,Class_3,2026-12-12,2027-12-11
OBJ10672,2026-11-27,2029-11-21,Active,Type_B,Class_2,Class_2,2026-12-12,2027-12-11
OBJ10673,2025-12-14,2027-08-12,Active,Type_C,Class_3,Class_3,2026-12-12,2027-12-11
OBJ10675,2025-06-15,2028-02-22,Active,Type_C,Class_3,Class_3,2026-12-12,2027-12-11
OBJ10677,2026-04-03,2029-03-30,Active,Type_C,Class_3,Class_3,2026-12-12,2027-12-11
OBJ10679,2026-06-14,2029-01-19,Active,Type_B,Class_2,Class_2,2026-12-12,2027-12-11
OBJ10681,2027-07-13,2029-11-16,Active,Type_B,Class_2,Class_2,2026-12-12,2027-12-11
OBJ10682,2027-05-06,2029-08-26,Active,Type_B,Class_2,Class_2,2026-12-12,2027-12-11
OBJ10683,2026-06-13,2028-04-01,Active,Type_B,Class_2,Class_2,2026-12-12,2027-12-11
OBJ10684,2025-10-20,2027-12-14,Active,Type_C,Class_3,Class_3,2026-12-12,2027-12-11
OBJ10685,2026-01-25,2028-03-17,Active,Type_C,Class_3,Class_3,2026-12-12,2027-12-11
OBJ10686,2026-01-22,2029-03-04,Active,Type_C,Class_3,Class_3,2026-12-12,2027-12-11
OBJ10691,2025-03-21,2027-03-11,Active,Type_B,Class_2,Class_2,2026-12-12,2027-12-11
OBJ10692,2025-08-10,2027-11-20,Active,Type_C,Class_3,Class_3,2026-12-12,2027-12-11
OBJ10693,2026-08-11,2027-07-28,Active,Type_A,Class_1,Class_1,2026-12-12,2027-12-11
OBJ10695,2024-11-13,2027-03-26,Active,Type_A,Class_1,Class_1,2026-12-12,2027-12-11
OBJ10697,2025-11-21,2028-12-09,Active,Type_B,Class_2,Class_2,2026-12-12,2027-12-11
OBJ10699,2026-07-24,2028-06-05,Active,Type_A,Class_1,Class_1,2026-12-12,2027-12-11
OBJ10701,2027-08-19,2029-05-11,Active,Type_A,Class_1,Class_1,2026-12-12,2027-12-11
OBJ10702,2026-01-31,2029-05-02,Active,Type_A,Class_1,Class_1,2026-12-12,2027-12-11
OBJ10703,2026-06-01,2028-09-27,Active,Type_C,Class_3,Class_3,2026-12-12,2027-12-11
OBJ10705,2026-02-12,2028-11-10,Active,Type_A,Class_1,Class_1,2026-12-12,2027-12-11
OBJ10706,2026-07-31,2029-05-30,Active,Type_C,Class_3,Class_3,2026-12-12,2027-12-11
OBJ10707,2027-04-25,2028-04-25,Active,Type_B,Class_2,Class_2,2026-12-12,2027-12-11
OBJ10708,2026-06-18,2029-09-28,Active,Type_A,Class_1,Class_1,2026-12-12,2027-12-11
OBJ10713,2026-07-09,2028-01-12,Active,Type_C,Class_3,Class_3,2026-12-12,2027-12-11
OBJ10714,2025-11-25,2029-03-07,Active,Type_C,Class_3,Class_3,2026-12-12,2027-12-11
OBJ10716,2027-03-06,2028-11-22,Active,Type_B,Class_2,Class_2,2026-12-12,2027-12-11
OBJ10717,2025-05-23,2028-01-23,Active,Type_C,Class_3,Class_3,2026-12-12,2027-12-11
OBJ10718,2026-08-19,2027-05-12,Active,Type_B,Class_2,Class_2,2026-12-12,2027-12-11
OBJ10719,2026-05-30,2027-02-11,Active,Type_B,Class_2,Class_2,2026-12-12,2027-12-11
OBJ10720,2025-11-02,2028-05-16,Active,Type_C,Class_3,Class_3,2026-12-12,2027-12-11
OBJ10722,2026-10-21,2029-07-14,Active,Type_C,Class_3,Class_3,2026-12-12,2027-12-11
OBJ10724,2025-11-19,2028-09-28,Active,Type_B,Class_2,Class_2,2026-12-12,2027-12-11
OBJ10725,2026-02-28,2027-07-23,Active,Type_A,Class_1,Class_1,2026-12-12,2027-12-11
OBJ10727,2024-09-23,2027-01-27,Active,Type_A,Class_1,Class_1,2026-12-12,2027-12-11
OBJ10729,2026-06-04,2027-08-14,Active,Type_C,Class_3,Class_3,2026-12-12,2027-12-11
OBJ10730,2027-03-20,2028-01-17,Active,Type_C,Class_3,Class_3,2026-12-12,2027-12-11
OBJ10736,2026-04-02,2028-08-11,Active,Type_A,Class_1,Class_1,2026-12-12,2027-12-11
OBJ10737,2026-10-11,2028-04-23,Active,Type_B,Class_2,Class_2,2026-12-12,2027-12-11
OBJ10738,2026-06-25,2029-05-02,Active,Type_A,Class_1,Class_1,2026-12-12,2027-12-11
OBJ10739,2026-02-25,2028-07-09,Active,Type_C,Class_3,Class_3,2026-12-12,2027-12-11
OBJ10741,2026-01-18,2027-07-13,Active,Type_C,Class_3,Class_3,2026-12-12,2027-12-11
OBJ10744,2025-12-11,2028-09-08,Active,Type_B,Class_2,Class_2,2026-12-12,2027-12-11
OBJ10745,2026-12-21,2028-10-12,Active,Type_B,Class_2,Class_2,2026-12-12,2027-12-11
OBJ10746,2024-09-30,2027-11-21,Active,Type_B,Class_2,Class_2,2026-12-12,2027-12-11
OBJ10747,2025-11-02,2027-06-29,Active,Type_B,Class_2,Class_2,2026-12-12,2027-12-11
OBJ10748,2025-01-30,2028-03-05,Active,Type_C,Class_3,Class_3,2026-12-12,2027-12-11
OBJ10749,2025-11-02,2027-11-08,Active,Type_B,Class_2,Class_2,2026-12-12,2027-12-11
OBJ10750,2026-01-03,2028-10-20,Active,Type_B,Class_2,Class_2,2026-12-12,2027-12-11
OBJ10751,2025-04-03,2027-12-10,Active,Type_A,Class_1,Class_1,2026-12-12,2027-12-11
OBJ10752,2025-10-07,2028-07-24,Active,Type_A,Class_1,Class_1,2026-12-12,2027-12-11
OBJ10753,2026-10-13,2029-10-15,Active,Type_B,Class_2,Class_2,2026-12-12,2027-12-11
OBJ10754,2025-10-11,2028-02-10,Active,Type_C,Class_3,Class_3,2026-12-12,2027-12-11
OBJ10755,2026-12-09,2029-12-29,Active,Type_A,Class_1,Class_1,2026-12-12,2027-12-11
OBJ10756,2027-04-03,2028-01-06,Active,Type_B,Class_2,Class_2,2026-12-12,2027-12-11
OBJ10759,2026-12-01,2029-04-06,Active,Type_C,Class_3,Class_3,2026-12-12,2027-12-11
OBJ10760,2026-08-20,2028-03-31,Active,Type_A,Class_1,Class_1,2026-12-12,2027-12-11
OBJ10762,2026-07-11,2028-05-07,Active,Type_B,Class_2,Class_2,2026-12-12,2027-12-11
OBJ10763,2027-04-30,2029-02-24,Active,Type_C,Class_3,Class_3,2026-12-12,2027-12-11
OBJ10764,2026-03-21,2028-07-09,Active,Type_B,Class_2,Class_2,2026-12-12,2027-12-11
OBJ10765,2027-03-02,2028-05-27,Active,Type_B,Class_2,Class_2,2026-12-12,2027-12-11
OBJ10766,2025-12-19,2027-10-06,Active,Type_C,Class_3,Class_3,2026-12-12,2027-12-11
OBJ10768,2025-06-29,2027-05-23,Active,Type_A,Class_1,Class_1,2026-12-12,2027-12-11
OBJ10769,2025-06-26,2027-02-15,Active,Type_C,Class_3,Class_3,2026-12-12,2027-12-11
OBJ10774,2026-01-17,2028-04-23,Active,Type_B,Class_2,Class_2,2026-12-12,2027-12-11
OBJ10775,2026-01-14,2028-01-02,Active,Type_C,Class_3,Class_3,2026-12-12,2027-12-11
OBJ10776,2026-03-28,2028-01-11,Active,Type_C,Class_3,Class_3,2026-12-12,2027-12-11
OBJ10777,2026-07-19,2028-06-27,Active,Type_A,Class_1,Class_1,2026-12-12,2027-12-11
OBJ10778,2027-03-05,2029-09-20,Active,Type_C,Class_3,Class_3,2026-12-12,2027-12-11
OBJ10779,2026-11-02,2029-03-11,Active,Type_A,Class_1,Class_1,2026-12-12,2027-12-11
OBJ10780,2026-12-29,2030-01-02,Active,Type_B,Class_2,Class_2,2026-12-12,2027-12-11
OBJ10781,2025-03-01,2028-05-29,Active,Type_A,Class_1,Class_1,2026-12-12,2027-12-11
OBJ10782,2026-06-24,2028-12-02,Active,Type_B,Class_2,Class_2,2026-12-12,2027-12-11
OBJ10783,2026-05-07,2028-09-24,Active,Type_B,Class_2,Class_2,2026-12-12,2027-12-11
OBJ10785,2025-11-29,2028-07-23,Active,Type_C,Class_3,Class_3,2026-12-12,2027-12-11
OBJ10786,2026-04-06,2028-09-29,Active,Type_C,Class_3,Class_3,2026-12-12,2027-12-11
OBJ10787,2026-05-25,2029-01-12,Active,Type_B,Class_2,Class_2,2026-12-12,2027-12-11
OBJ10788,2025-10-20,2028-05-21,Active,Type_B,Class_2,Class_2,2026-12-12,2027-12-11
OBJ10789,2026-11-23,2028-12-15,Active,Type_A,Class_1,Class_1,2026-12-12,2027-12-11
OBJ10790,2025-09-30,2028-01-02,Active,Type_A,Class_1,Class_1,2026-12-12,2027-12-11
OBJ10792,2026-01-23,2026-12-18,Active,Type_A,Class_1,Class_1,2026-12-12,2027-12-11
OBJ10794,2025-11-04,2028-07-19,Active,Type_B,Class_2,Class_2,2026-12-12,2027-12-11
OBJ10796,2026-02-12,2027-12-10,Active,Type_C,Class_3,Class_3,2026-12-12,2027-12-11
OBJ10797,2026-11-30,2027-09-12,Active,Type_A,Class_1,Class_1,2026-12-12,2027-12-11
OBJ10798,2025-02-11,2027-01-16,Active,Type_A,Class_1,Class_1,2026-12-12,2027-12-11
OBJ10799,2025-09-19,2027-12-18,Active,Type_C,Class_3,Class_3,2026-12-12,2027-12-11
